"DESCRIPTION","DURATION IN MS","NAME","PARENT SUITE","START TIME","STATUS","STOP TIME","SUB SUITE","SUITE","TEST CLASS","TEST METHOD"
"","891","WISHLIST_014 cart navigation after add","firefox","2026-05-29","passed","2026-05-29","Wishlist Service - Sauce Demo ()","Wishlist/wishlist.spec.js","",""
"","1080","ORDER_014 back to home button visible","firefox","2026-05-29","passed","2026-05-29","Order Service - Sauce Demo","Order/order.spec.js","",""
"","862","ORDER_009 fill checkout form","webkit","2026-05-29","passed","2026-05-29","Order Service - Sauce Demo","Order/order.spec.js","",""
"","419","PROFILE_001 inventory visible","chromium","2026-05-29","passed","2026-05-29","User Profile Service - Sauce Demo","Profile/profile.spec.js","",""
"","688","CART_013 verify empty cart state","webkit","2026-05-29","passed","2026-05-29","Cart Service - Sauce Demo","Cart/cart.spec.js","",""
"","2603","ORDER_009 fill checkout form","firefox","2026-05-29","passed","2026-05-29","Order Service - Sauce Demo","Order/order.spec.js","",""
"","832","CHECKOUT_003 proceed to checkout step one","firefox","2026-05-29","passed","2026-05-29","Checkout Service - Sauce Demo","Checkout/checkout.spec.js","",""
"","4106","WISHLIST_004 add single item to cart","firefox","2026-05-29","passed","2026-05-29","Wishlist Service - Sauce Demo ()","Wishlist/wishlist.spec.js","",""
"","721","ORDER_001 verify login success","firefox","2026-05-29","passed","2026-05-29","Order Service - Sauce Demo","Order/order.spec.js","",""
"","523","CHECKOUT_003 proceed to checkout step one","chromium","2026-05-29","passed","2026-05-29","Checkout Service - Sauce Demo","Checkout/checkout.spec.js","",""
"","720","PROFILE_011 back navigation","webkit","2026-05-29","passed","2026-05-29","User Profile Service - Sauce Demo","Profile/profile.spec.js","",""
"","551","WISHLIST_006 add multiple items using loop","chromium","2026-05-29","passed","2026-05-29","Wishlist Service - Sauce Demo ()","Wishlist/wishlist.spec.js","",""
"","658","has title","webkit","2026-05-29","passed","2026-05-29","","example.spec.js","",""
"","789","CHECKOUT_002 verify checkout button visible","webkit","2026-05-29","passed","2026-05-29","Checkout Service - Sauce Demo","Checkout/checkout.spec.js","",""
"","879","CART_009 verify cart badge increases","firefox","2026-05-29","passed","2026-05-29","Cart Service - Sauce Demo","Cart/cart.spec.js","",""
"","617","SEARCH_010 sort A to Z","webkit","2026-05-29","passed","2026-05-29","Search Service - Sauce Demo","Search/search.spec.js","",""
"","899","CHECKOUT_014 validate form persistence","webkit","2026-05-29","passed","2026-05-29","Checkout Service - Sauce Demo","Checkout/checkout.spec.js","",""
"","638","CART_002 add multiple products","chromium","2026-05-29","passed","2026-05-29","Cart Service - Sauce Demo","Cart/cart.spec.js","",""
"","1876","CHECKOUT_009 verify checkout overview page","firefox","2026-05-29","passed","2026-05-29","Checkout Service - Sauce Demo","Checkout/checkout.spec.js","",""
"","462","PROFILE_005 menu opens","chromium","2026-05-29","passed","2026-05-29","User Profile Service - Sauce Demo","Profile/profile.spec.js","",""
"","539","AUTH_011 verify username field visible","firefox","2026-05-29","passed","2026-05-29","Authentication Service - Sauce Demo","Authentication/login.spec.js","",""
"","959","WISHLIST_013 multiple add/remove cycle","firefox","2026-05-29","passed","2026-05-29","Wishlist Service - Sauce Demo ()","Wishlist/wishlist.spec.js","",""
"","760","SEARCH_005 add multiple products","webkit","2026-05-29","passed","2026-05-29","Search Service - Sauce Demo","Search/search.spec.js","",""
"","898","ORDER_012 complete order successfully","webkit","2026-05-29","passed","2026-05-29","Order Service - Sauce Demo","Order/order.spec.js","",""
"","684","AUTH_014 login after refresh","webkit","2026-05-29","passed","2026-05-29","Authentication Service - Sauce Demo","Authentication/login.spec.js","",""
"","654","AUTH_002 invalid username","firefox","2026-05-29","passed","2026-05-29","Authentication Service - Sauce Demo","Authentication/login.spec.js","",""
"","964","ORDER_015 full end-to-end order flow","webkit","2026-05-29","passed","2026-05-29","Order Service - Sauce Demo","Order/order.spec.js","",""
"","537","CHECKOUT_004 validate empty form error","chromium","2026-05-29","passed","2026-05-29","Checkout Service - Sauce Demo","Checkout/checkout.spec.js","",""
"","1395","AUTH_015 logout flow","chromium","2026-05-29","passed","2026-05-29","Authentication Service - Sauce Demo","Authentication/login.spec.js","",""
"","503","SEARCH_005 add multiple products","chromium","2026-05-29","passed","2026-05-29","Search Service - Sauce Demo","Search/search.spec.js","",""
"","887","CART_011 verify product persists after refresh","webkit","2026-05-29","passed","2026-05-29","Cart Service - Sauce Demo","Cart/cart.spec.js","",""
"","679","SEARCH_009 verify sorting dropdown visible","firefox","2026-05-29","passed","2026-05-29","Search Service - Sauce Demo","Search/search.spec.js","",""
"","411","AUTH_008 problem user login","chromium","2026-05-29","passed","2026-05-29","Authentication Service - Sauce Demo","Authentication/login.spec.js","",""
"","416","PROFILE_003 cart visible","chromium","2026-05-29","passed","2026-05-29","User Profile Service - Sauce Demo","Profile/profile.spec.js","",""
"","1405","PROFILE_007 logout works","chromium","2026-05-29","passed","2026-05-29","User Profile Service - Sauce Demo","Profile/profile.spec.js","",""
"","1206","CART_010 verify cart page URL","firefox","2026-05-29","passed","2026-05-29","Cart Service - Sauce Demo","Cart/cart.spec.js","",""
"","583","ORDER_013 verify order confirmation text","chromium","2026-05-29","passed","2026-05-29","Order Service - Sauce Demo","Order/order.spec.js","",""
"","651","AUTH_014 login after refresh","chromium","2026-05-29","passed","2026-05-29","Authentication Service - Sauce Demo","Authentication/login.spec.js","",""
"","388","AUTH_013 login page load","webkit","2026-05-29","passed","2026-05-29","Authentication Service - Sauce Demo","Authentication/login.spec.js","",""
"","891","CHECKOUT_013 cancel checkout flow","webkit","2026-05-29","passed","2026-05-29","Checkout Service - Sauce Demo","Checkout/checkout.spec.js","",""
"","623","ORDER_015 full end-to-end order flow","chromium","2026-05-29","passed","2026-05-29","Order Service - Sauce Demo","Order/order.spec.js","",""
"","684","PROFILE_005 menu opens","webkit","2026-05-29","passed","2026-05-29","User Profile Service - Sauce Demo","Profile/profile.spec.js","",""
"","3804","SEARCH_014 full cart flow validation","firefox","2026-05-29","passed","2026-05-29","Search Service - Sauce Demo","Search/search.spec.js","",""
"","425","SEARCH_001 verify products visible","chromium","2026-05-29","passed","2026-05-29","Search Service - Sauce Demo","Search/search.spec.js","",""
"","532","CART_007 verify checkout button visible","chromium","2026-05-29","passed","2026-05-29","Cart Service - Sauce Demo","Cart/cart.spec.js","",""
"","5405","AUTH_009 performance glitch user login","chromium","2026-05-29","passed","2026-05-29","Authentication Service - Sauce Demo","Authentication/login.spec.js","",""
"","444","ORDER_004 add product and verify cart badge","chromium","2026-05-29","passed","2026-05-29","Order Service - Sauce Demo","Order/order.spec.js","",""
"","456","PROFILE_010 cart navigation","chromium","2026-05-29","passed","2026-05-29","User Profile Service - Sauce Demo","Profile/profile.spec.js","",""
"","707","PROFILE_009 refresh persistence","webkit","2026-05-29","passed","2026-05-29","User Profile Service - Sauce Demo","Profile/profile.spec.js","",""
"","448","SEARCH_007 open cart page","chromium","2026-05-29","passed","2026-05-29","Search Service - Sauce Demo","Search/search.spec.js","",""
"","733","WISHLIST_004 add single item to cart","webkit","2026-05-29","passed","2026-05-29","Wishlist Service - Sauce Demo ()","Wishlist/wishlist.spec.js","",""
"","894","ORDER_013 verify order confirmation text","webkit","2026-05-29","passed","2026-05-29","Order Service - Sauce Demo","Order/order.spec.js","",""
"","746","SEARCH_007 open cart page","webkit","2026-05-29","passed","2026-05-29","Search Service - Sauce Demo","Search/search.spec.js","",""
"","585","has title","firefox","2026-05-29","passed","2026-05-29","","example.spec.js","",""
"","533","CART_004 verify cart items visible","chromium","2026-05-29","passed","2026-05-29","Cart Service - Sauce Demo","Cart/cart.spec.js","",""
"","571","CHECKOUT_009 verify checkout overview page","chromium","2026-05-29","passed","2026-05-29","Checkout Service - Sauce Demo","Checkout/checkout.spec.js","",""
"","882","ORDER_010 verify overview page","webkit","2026-05-29","passed","2026-05-29","Order Service - Sauce Demo","Order/order.spec.js","",""
"","704","PROFILE_010 cart navigation","webkit","2026-05-29","passed","2026-05-29","User Profile Service - Sauce Demo","Profile/profile.spec.js","",""
"","449","CART_013 verify empty cart state","chromium","2026-05-29","passed","2026-05-29","Cart Service - Sauce Demo","Cart/cart.spec.js","",""
"","633","PROFILE_002 app logo visible","firefox","2026-05-29","passed","2026-05-29","User Profile Service - Sauce Demo","Profile/profile.spec.js","",""
"","450","WISHLIST_011 inventory stability check","chromium","2026-05-29","passed","2026-05-29","Wishlist Service - Sauce Demo ()","Wishlist/wishlist.spec.js","",""
"","697","PROFILE_006 logout visible","webkit","2026-05-29","passed","2026-05-29","User Profile Service - Sauce Demo","Profile/profile.spec.js","",""
"","499","SEARCH_004 add single product","chromium","2026-05-29","passed","2026-05-29","Search Service - Sauce Demo","Search/search.spec.js","",""
"","943","PROFILE_010 cart navigation","firefox","2026-05-29","passed","2026-05-29","User Profile Service - Sauce Demo","Profile/profile.spec.js","",""
"","608","PROFILE_002 app logo visible","webkit","2026-05-29","passed","2026-05-29","User Profile Service - Sauce Demo","Profile/profile.spec.js","",""
"","521","ORDER_008 empty checkout validation","chromium","2026-05-29","passed","2026-05-29","Order Service - Sauce Demo","Order/order.spec.js","",""
"","10667","AUTH_001 valid login","webkit","2026-05-29","passed","2026-05-29","Authentication Service - Sauce Demo","Authentication/login.spec.js","",""
"","730","SEARCH_008 verify cart icon visible","firefox","2026-05-29","passed","2026-05-29","Search Service - Sauce Demo","Search/search.spec.js","",""
"","647","ORDER_001 verify login success","webkit","2026-05-29","passed","2026-05-29","Order Service - Sauce Demo","Order/order.spec.js","",""
"","428","SEARCH_012 sort price low to high","chromium","2026-05-29","passed","2026-05-29","Search Service - Sauce Demo","Search/search.spec.js","",""
"","451","WISHLIST_003 verify add to cart buttons visible","chromium","2026-05-29","passed","2026-05-29","Wishlist Service - Sauce Demo ()","Wishlist/wishlist.spec.js","",""
"","721","WISHLIST_001 verify inventory page loaded","firefox","2026-05-29","passed","2026-05-29","Wishlist Service - Sauce Demo ()","Wishlist/wishlist.spec.js","",""
"","798","SEARCH_004 add single product","firefox","2026-05-29","passed","2026-05-29","Search Service - Sauce Demo","Search/search.spec.js","",""
"","547","CART_014 verify cart badge consistency after multiple actions","chromium","2026-05-29","passed","2026-05-29","Cart Service - Sauce Demo","Cart/cart.spec.js","",""
"","585","PROFILE_012 inventory stability","webkit","2026-05-29","passed","2026-05-29","User Profile Service - Sauce Demo","Profile/profile.spec.js","",""
"","785","SEARCH_014 full cart flow validation","webkit","2026-05-29","passed","2026-05-29","Search Service - Sauce Demo","Search/search.spec.js","",""
"","847","WISHLIST_013 multiple add/remove cycle","webkit","2026-05-29","passed","2026-05-29","Wishlist Service - Sauce Demo ()","Wishlist/wishlist.spec.js","",""
"","618","ORDER_002 verify products visible","webkit","2026-05-29","passed","2026-05-29","Order Service - Sauce Demo","Order/order.spec.js","",""
"","552","CART_001 add single product","chromium","2026-05-29","passed","2026-05-29","Cart Service - Sauce Demo","Cart/cart.spec.js","",""
"","1034","CHECKOUT_006 validate last name required","firefox","2026-05-29","passed","2026-05-29","Checkout Service - Sauce Demo","Checkout/checkout.spec.js","",""
"","796","CART_012 verify remove button visible","webkit","2026-05-29","passed","2026-05-29","Cart Service - Sauce Demo","Cart/cart.spec.js","",""
"","912","CART_002 add multiple products","firefox","2026-05-29","passed","2026-05-29","Cart Service - Sauce Demo","Cart/cart.spec.js","",""
"","758","WISHLIST_012 add and remove flow validation","webkit","2026-05-29","passed","2026-05-29","Wishlist Service - Sauce Demo ()","Wishlist/wishlist.spec.js","",""
"","623","CHECKOUT_012 verify back home button","chromium","2026-05-29","passed","2026-05-29","Checkout Service - Sauce Demo","Checkout/checkout.spec.js","",""
"","548","AUTH_004 empty username","webkit","2026-05-29","passed","2026-05-29","Authentication Service - Sauce Demo","Authentication/login.spec.js","",""
"","472","PROFILE_006 logout visible","chromium","2026-05-29","passed","2026-05-29","User Profile Service - Sauce Demo","Profile/profile.spec.js","",""
"","905","CHECKOUT_009 verify checkout overview page","webkit","2026-05-29","passed","2026-05-29","Checkout Service - Sauce Demo","Checkout/checkout.spec.js","",""
"","706","CART_010 verify cart page URL","webkit","2026-05-29","passed","2026-05-29","Cart Service - Sauce Demo","Cart/cart.spec.js","",""
"","720","WISHLIST_011 inventory stability check","firefox","2026-05-29","passed","2026-05-29","Wishlist Service - Sauce Demo ()","Wishlist/wishlist.spec.js","",""
"","731","ORDER_006 verify checkout button visible","firefox","2026-05-29","passed","2026-05-29","Order Service - Sauce Demo","Order/order.spec.js","",""
"","902","SEARCH_006 remove product from cart","firefox","2026-05-29","passed","2026-05-29","Search Service - Sauce Demo","Search/search.spec.js","",""
"","812","WISHLIST_012 add and remove flow validation","firefox","2026-05-29","passed","2026-05-29","Wishlist Service - Sauce Demo ()","Wishlist/wishlist.spec.js","",""
"","630","CHECKOUT_011 complete checkout successfully","chromium","2026-05-29","passed","2026-05-29","Checkout Service - Sauce Demo","Checkout/checkout.spec.js","",""
"","690","PROFILE_012 inventory stability","firefox","2026-05-29","passed","2026-05-29","User Profile Service - Sauce Demo","Profile/profile.spec.js","",""
"","2001","get started link","webkit","2026-05-29","passed","2026-05-29","","example.spec.js","",""
"","582","CART_011 verify product persists after refresh","chromium","2026-05-29","passed","2026-05-29","Cart Service - Sauce Demo","Cart/cart.spec.js","",""
"","925","get started link","firefox","2026-05-29","passed","2026-05-29","","example.spec.js","",""
"","481","CART_010 verify cart page URL","chromium","2026-05-29","passed","2026-05-29","Cart Service - Sauce Demo","Cart/cart.spec.js","",""
"","814","SEARCH_005 add multiple products","firefox","2026-05-29","passed","2026-05-29","Search Service - Sauce Demo","Search/search.spec.js","",""
"","526","CART_012 verify remove button visible","chromium","2026-05-29","passed","2026-05-29","Cart Service - Sauce Demo","Cart/cart.spec.js","",""
"","583","WISHLIST_015 full wishlist flow","chromium","2026-05-29","passed","2026-05-29","Wishlist Service - Sauce Demo ()","Wishlist/wishlist.spec.js","",""
"","577","CART_009 verify cart badge increases","chromium","2026-05-29","passed","2026-05-29","Cart Service - Sauce Demo","Cart/cart.spec.js","",""
"","444","SEARCH_011 sort Z to A","chromium","2026-05-29","passed","2026-05-29","Search Service - Sauce Demo","Search/search.spec.js","",""
"","720","ORDER_006 verify checkout button visible","webkit","2026-05-29","passed","2026-05-29","Order Service - Sauce Demo","Order/order.spec.js","",""
"","595","WISHLIST_011 inventory stability check","webkit","2026-05-29","passed","2026-05-29","Wishlist Service - Sauce Demo ()","Wishlist/wishlist.spec.js","",""
"","456","get started link","chromium","2026-05-29","passed","2026-05-29","","example.spec.js","",""
"","429","SEARCH_010 sort A to Z","chromium","2026-05-29","passed","2026-05-29","Search Service - Sauce Demo","Search/search.spec.js","",""
"","942","WISHLIST_007 remove first item from cart","firefox","2026-05-29","passed","2026-05-29","Wishlist Service - Sauce Demo ()","Wishlist/wishlist.spec.js","",""
"","459","WISHLIST_010 cart badge appears after add","chromium","2026-05-29","passed","2026-05-29","Wishlist Service - Sauce Demo ()","Wishlist/wishlist.spec.js","",""
"","589","SEARCH_009 verify sorting dropdown visible","webkit","2026-05-29","passed","2026-05-29","Search Service - Sauce Demo","Search/search.spec.js","",""
"","593","SEARCH_015 verify inventory page loaded after login","webkit","2026-05-29","passed","2026-05-29","Search Service - Sauce Demo","Search/search.spec.js","",""
"","1039","ORDER_013 verify order confirmation text","firefox","2026-05-29","passed","2026-05-29","Order Service - Sauce Demo","Order/order.spec.js","",""
"","627","PROFILE_003 cart visible","firefox","2026-05-29","passed","2026-05-29","User Profile Service - Sauce Demo","Profile/profile.spec.js","",""
"","746","WISHLIST_010 cart badge appears after add","webkit","2026-05-29","passed","2026-05-29","Wishlist Service - Sauce Demo ()","Wishlist/wishlist.spec.js","",""
"","327","AUTH_010 verify login button visible","chromium","2026-05-29","passed","2026-05-29","Authentication Service - Sauce Demo","Authentication/login.spec.js","",""
"","584","AUTH_007 locked out user","firefox","2026-05-29","passed","2026-05-29","Authentication Service - Sauce Demo","Authentication/login.spec.js","",""
"","478","CART_003 open cart page","chromium","2026-05-29","passed","2026-05-29","Cart Service - Sauce Demo","Cart/cart.spec.js","",""
"","505","WISHLIST_012 add and remove flow validation","chromium","2026-05-29","passed","2026-05-29","Wishlist Service - Sauce Demo ()","Wishlist/wishlist.spec.js","",""
"","5622","AUTH_009 performance glitch user login","webkit","2026-05-29","passed","2026-05-29","Authentication Service - Sauce Demo","Authentication/login.spec.js","",""
"","447","PROFILE_008 URL check","chromium","2026-05-29","passed","2026-05-29","User Profile Service - Sauce Demo","Profile/profile.spec.js","",""
"","866","CART_007 verify checkout button visible","firefox","2026-05-29","passed","2026-05-29","Cart Service - Sauce Demo","Cart/cart.spec.js","",""
"","388","AUTH_007 locked out user","chromium","2026-05-29","passed","2026-05-29","Authentication Service - Sauce Demo","Authentication/login.spec.js","",""
"","719","SEARCH_012 sort price low to high","firefox","2026-05-29","passed","2026-05-29","Search Service - Sauce Demo","Search/search.spec.js","",""
"","884","CART_004 verify cart items visible","firefox","2026-05-29","passed","2026-05-29","Cart Service - Sauce Demo","Cart/cart.spec.js","",""
"","841","CART_014 verify cart badge consistency after multiple actions","webkit","2026-05-29","passed","2026-05-29","Cart Service - Sauce Demo","Cart/cart.spec.js","",""
"","895","CHECKOUT_001 open cart page","firefox","2026-05-29","passed","2026-05-29","Checkout Service - Sauce Demo","Checkout/checkout.spec.js","",""
"","529","PROFILE_009 refresh persistence","chromium","2026-05-29","passed","2026-05-29","User Profile Service - Sauce Demo","Profile/profile.spec.js","",""
"","898","CHECKOUT_004 validate empty form error","webkit","2026-05-29","passed","2026-05-29","Checkout Service - Sauce Demo","Checkout/checkout.spec.js","",""
"","859","CART_005 remove single item","webkit","2026-05-29","passed","2026-05-29","Cart Service - Sauce Demo","Cart/cart.spec.js","",""
"","927","ORDER_005 open cart page","firefox","2026-05-29","passed","2026-05-29","Order Service - Sauce Demo","Order/order.spec.js","",""
"","610","CHECKOUT_015 full end-to-end checkout flow","chromium","2026-05-29","passed","2026-05-29","Checkout Service - Sauce Demo","Checkout/checkout.spec.js","",""
"","554","CHECKOUT_013 cancel checkout flow","chromium","2026-05-29","passed","2026-05-29","Checkout Service - Sauce Demo","Checkout/checkout.spec.js","",""
"","648","WISHLIST_002 verify inventory count > 0","webkit","2026-05-29","passed","2026-05-29","Wishlist Service - Sauce Demo ()","Wishlist/wishlist.spec.js","",""
"","731","WISHLIST_005 add item by index","webkit","2026-05-29","passed","2026-05-29","Wishlist Service - Sauce Demo ()","Wishlist/wishlist.spec.js","",""
"","595","PROFILE_014 title check","webkit","2026-05-29","passed","2026-05-29","User Profile Service - Sauce Demo","Profile/profile.spec.js","",""
"","920","ORDER_011 verify finish button","firefox","2026-05-29","passed","2026-05-29","Order Service - Sauce Demo","Order/order.spec.js","",""
"","571","ORDER_009 fill checkout form","chromium","2026-05-29","passed","2026-05-29","Order Service - Sauce Demo","Order/order.spec.js","",""
"","1038","SEARCH_015 verify inventory page loaded after login","firefox","2026-05-29","passed","2026-05-29","Search Service - Sauce Demo","Search/search.spec.js","",""
"","458","SEARCH_013 sort price high to low","chromium","2026-05-29","passed","2026-05-29","Search Service - Sauce Demo","Search/search.spec.js","",""
"","1060","CHECKOUT_015 full end-to-end checkout flow","firefox","2026-05-29","passed","2026-05-29","Checkout Service - Sauce Demo","Checkout/checkout.spec.js","",""
"","2039","ORDER_004 add product and verify cart badge","firefox","2026-05-29","passed","2026-05-29","Order Service - Sauce Demo","Order/order.spec.js","",""
"","429","SEARCH_009 verify sorting dropdown visible","chromium","2026-05-29","passed","2026-05-29","Search Service - Sauce Demo","Search/search.spec.js","",""
"","584","AUTH_007 locked out user","webkit","2026-05-29","passed","2026-05-29","Authentication Service - Sauce Demo","Authentication/login.spec.js","",""
"","827","CHECKOUT_003 proceed to checkout step one","webkit","2026-05-29","passed","2026-05-29","Checkout Service - Sauce Demo","Checkout/checkout.spec.js","",""
"","370","AUTH_006 both fields empty","chromium","2026-05-29","passed","2026-05-29","Authentication Service - Sauce Demo","Authentication/login.spec.js","",""
"","570","ORDER_012 complete order successfully","chromium","2026-05-29","passed","2026-05-29","Order Service - Sauce Demo","Order/order.spec.js","",""
"","518","SEARCH_014 full cart flow validation","chromium","2026-05-29","passed","2026-05-29","Search Service - Sauce Demo","Search/search.spec.js","",""
"","576","AUTH_005 empty password","firefox","2026-05-29","passed","2026-05-29","Authentication Service - Sauce Demo","Authentication/login.spec.js","",""
"","1023","ORDER_010 verify overview page","firefox","2026-05-29","passed","2026-05-29","Order Service - Sauce Demo","Order/order.spec.js","",""
"","831","CART_009 verify cart badge increases","webkit","2026-05-29","passed","2026-05-29","Cart Service - Sauce Demo","Cart/cart.spec.js","",""
"","716","SEARCH_010 sort A to Z","firefox","2026-05-29","passed","2026-05-29","Search Service - Sauce Demo","Search/search.spec.js","",""
"","536","AUTH_005 empty password","webkit","2026-05-29","passed","2026-05-29","Authentication Service - Sauce Demo","Authentication/login.spec.js","",""
"","917","CHECKOUT_008 valid checkout step one","webkit","2026-05-29","passed","2026-05-29","Checkout Service - Sauce Demo","Checkout/checkout.spec.js","",""
"","599","SEARCH_013 sort price high to low","webkit","2026-05-29","passed","2026-05-29","Search Service - Sauce Demo","Search/search.spec.js","",""
"","519","AUTH_001 valid login","chromium","2026-05-29","passed","2026-05-29","Authentication Service - Sauce Demo","Authentication/login.spec.js","",""
"","481","CHECKOUT_002 verify checkout button visible","chromium","2026-05-29","passed","2026-05-29","Checkout Service - Sauce Demo","Checkout/checkout.spec.js","",""
"","1199","CART_005 remove single item","firefox","2026-05-29","passed","2026-05-29","Cart Service - Sauce Demo","Cart/cart.spec.js","",""
"","427","ORDER_001 verify login success","chromium","2026-05-29","passed","2026-05-29","Order Service - Sauce Demo","Order/order.spec.js","",""
"","407","AUTH_010 verify login button visible","webkit","2026-05-29","passed","2026-05-29","Authentication Service - Sauce Demo","Authentication/login.spec.js","",""
"","755","WISHLIST_010 cart badge appears after add","firefox","2026-05-29","passed","2026-05-29","Wishlist Service - Sauce Demo ()","Wishlist/wishlist.spec.js","",""
"","764","SEARCH_006 remove product from cart","webkit","2026-05-29","passed","2026-05-29","Search Service - Sauce Demo","Search/search.spec.js","",""
"","1969","CHECKOUT_005 validate first name required","firefox","2026-05-29","passed","2026-05-29","Checkout Service - Sauce Demo","Checkout/checkout.spec.js","",""
"","732","CART_008 verify continue shopping button","firefox","2026-05-29","passed","2026-05-29","Cart Service - Sauce Demo","Cart/cart.spec.js","",""
"","946","CHECKOUT_010 verify finish button visible","webkit","2026-05-29","passed","2026-05-29","Checkout Service - Sauce Demo","Checkout/checkout.spec.js","",""
"","618","WISHLIST_009 cart icon visible","webkit","2026-05-29","passed","2026-05-29","Wishlist Service - Sauce Demo ()","Wishlist/wishlist.spec.js","",""
"","758","WISHLIST_007 remove first item from cart","webkit","2026-05-29","passed","2026-05-29","Wishlist Service - Sauce Demo ()","Wishlist/wishlist.spec.js","",""
"","950","CHECKOUT_014 validate form persistence","firefox","2026-05-29","passed","2026-05-29","Checkout Service - Sauce Demo","Checkout/checkout.spec.js","",""
"","690","PROFILE_004 product count > 0","firefox","2026-05-29","passed","2026-05-29","User Profile Service - Sauce Demo","Profile/profile.spec.js","",""
"","416","PROFILE_012 inventory stability","chromium","2026-05-29","passed","2026-05-29","User Profile Service - Sauce Demo","Profile/profile.spec.js","",""
"","511","WISHLIST_014 cart navigation after add","chromium","2026-05-29","passed","2026-05-29","Wishlist Service - Sauce Demo ()","Wishlist/wishlist.spec.js","",""
"","418","SEARCH_002 verify product names visible","chromium","2026-05-29","passed","2026-05-29","Search Service - Sauce Demo","Search/search.spec.js","",""
"","752","WISHLIST_003 verify add to cart buttons visible","firefox","2026-05-29","passed","2026-05-29","Wishlist Service - Sauce Demo ()","Wishlist/wishlist.spec.js","",""
"","408","PROFILE_013 images visible","chromium","2026-05-29","passed","2026-05-29","User Profile Service - Sauce Demo","Profile/profile.spec.js","",""
"","597","AUTH_004 empty username","firefox","2026-05-29","passed","2026-05-29","Authentication Service - Sauce Demo","Authentication/login.spec.js","",""
"","569","AUTH_003 invalid password","webkit","2026-05-29","passed","2026-05-29","Authentication Service - Sauce Demo","Authentication/login.spec.js","",""
"","1007","CHECKOUT_011 complete checkout successfully","firefox","2026-05-29","passed","2026-05-29","Checkout Service - Sauce Demo","Checkout/checkout.spec.js","",""
"","731","WISHLIST_002 verify inventory count > 0","firefox","2026-05-29","passed","2026-05-29","Wishlist Service - Sauce Demo ()","Wishlist/wishlist.spec.js","",""
"","470","WISHLIST_005 add item by index","chromium","2026-05-29","passed","2026-05-29","Wishlist Service - Sauce Demo ()","Wishlist/wishlist.spec.js","",""
"","429","PROFILE_014 title check","chromium","2026-05-29","passed","2026-05-29","User Profile Service - Sauce Demo","Profile/profile.spec.js","",""
"","1033","CHECKOUT_015 full end-to-end checkout flow","webkit","2026-05-29","passed","2026-05-29","Checkout Service - Sauce Demo","Checkout/checkout.spec.js","",""
"","468","ORDER_006 verify checkout button visible","chromium","2026-05-29","passed","2026-05-29","Order Service - Sauce Demo","Order/order.spec.js","",""
"","678","SEARCH_001 verify products visible","firefox","2026-05-29","passed","2026-05-29","Search Service - Sauce Demo","Search/search.spec.js","",""
"","489","ORDER_007 navigate to checkout step one","chromium","2026-05-29","passed","2026-05-29","Order Service - Sauce Demo","Order/order.spec.js","",""
"","402","ORDER_002 verify products visible","chromium","2026-05-29","passed","2026-05-29","Order Service - Sauce Demo","Order/order.spec.js","",""
"","635","CART_006 remove multiple items","chromium","2026-05-29","passed","2026-05-29","Cart Service - Sauce Demo","Cart/cart.spec.js","",""
"","1353","AUTH_015 logout flow","webkit","2026-05-29","passed","2026-05-29","Authentication Service - Sauce Demo","Authentication/login.spec.js","",""
"","776","CHECKOUT_002 verify checkout button visible","firefox","2026-05-29","passed","2026-05-29","Checkout Service - Sauce Demo","Checkout/checkout.spec.js","",""
"","998","CHECKOUT_013 cancel checkout flow","firefox","2026-05-29","passed","2026-05-29","Checkout Service - Sauce Demo","Checkout/checkout.spec.js","",""
"","776","WISHLIST_006 add multiple items using loop","webkit","2026-05-29","passed","2026-05-29","Wishlist Service - Sauce Demo ()","Wishlist/wishlist.spec.js","",""
"","573","CHECKOUT_005 validate first name required","chromium","2026-05-29","passed","2026-05-29","Checkout Service - Sauce Demo","Checkout/checkout.spec.js","",""
"","790","CART_015 final cart stability check","webkit","2026-05-29","passed","2026-05-29","Cart Service - Sauce Demo","Cart/cart.spec.js","",""
"","805","ORDER_008 empty checkout validation","webkit","2026-05-29","passed","2026-05-29","Order Service - Sauce Demo","Order/order.spec.js","",""
"","886","ORDER_011 verify finish button","webkit","2026-05-29","passed","2026-05-29","Order Service - Sauce Demo","Order/order.spec.js","",""
"","459","WISHLIST_002 verify inventory count > 0","chromium","2026-05-29","passed","2026-05-29","Wishlist Service - Sauce Demo ()","Wishlist/wishlist.spec.js","",""
"","409","AUTH_011 verify username field visible","webkit","2026-05-29","passed","2026-05-29","Authentication Service - Sauce Demo","Authentication/login.spec.js","",""
"","957","CHECKOUT_012 verify back home button","webkit","2026-05-29","passed","2026-05-29","Checkout Service - Sauce Demo","Checkout/checkout.spec.js","",""
"","773","ORDER_003 add single product to cart","firefox","2026-05-29","passed","2026-05-29","Order Service - Sauce Demo","Order/order.spec.js","",""
"","1057","CHECKOUT_010 verify finish button visible","firefox","2026-05-29","passed","2026-05-29","Checkout Service - Sauce Demo","Checkout/checkout.spec.js","",""
"","874","CART_014 verify cart badge consistency after multiple actions","firefox","2026-05-29","passed","2026-05-29","Cart Service - Sauce Demo","Cart/cart.spec.js","",""
"","1097","WISHLIST_005 add item by index","firefox","2026-05-29","passed","2026-05-29","Wishlist Service - Sauce Demo ()","Wishlist/wishlist.spec.js","",""
"","572","PROFILE_003 cart visible","webkit","2026-05-29","passed","2026-05-29","User Profile Service - Sauce Demo","Profile/profile.spec.js","",""
"","755","WISHLIST_008 open cart page","webkit","2026-05-29","passed","2026-05-29","Wishlist Service - Sauce Demo ()","Wishlist/wishlist.spec.js","",""
"","537","AUTH_012 verify password field visible","firefox","2026-05-29","passed","2026-05-29","Authentication Service - Sauce Demo","Authentication/login.spec.js","",""
"","631","WISHLIST_001 verify inventory page loaded","webkit","2026-05-29","passed","2026-05-29","Wishlist Service - Sauce Demo ()","Wishlist/wishlist.spec.js","",""
"","900","AUTH_008 problem user login","firefox","2026-05-29","passed","2026-05-29","Authentication Service - Sauce Demo","Authentication/login.spec.js","",""
"","1202","WISHLIST_008 open cart page","firefox","2026-05-29","passed","2026-05-29","Wishlist Service - Sauce Demo ()","Wishlist/wishlist.spec.js","",""
"","465","CART_008 verify continue shopping button","chromium","2026-05-29","passed","2026-05-29","Cart Service - Sauce Demo","Cart/cart.spec.js","",""
"","913","PROFILE_009 refresh persistence","firefox","2026-05-29","passed","2026-05-29","User Profile Service - Sauce Demo","Profile/profile.spec.js","",""
"","438","SEARCH_008 verify cart icon visible","chromium","2026-05-29","passed","2026-05-29","Search Service - Sauce Demo","Search/search.spec.js","",""
"","482","WISHLIST_004 add single item to cart","chromium","2026-05-29","passed","2026-05-29","Wishlist Service - Sauce Demo ()","Wishlist/wishlist.spec.js","",""
"","537","AUTH_013 login page load","firefox","2026-05-29","passed","2026-05-29","Authentication Service - Sauce Demo","Authentication/login.spec.js","",""
"","888","CHECKOUT_005 validate first name required","webkit","2026-05-29","passed","2026-05-29","Checkout Service - Sauce Demo","Checkout/checkout.spec.js","",""
"","572","CHECKOUT_006 validate last name required","chromium","2026-05-29","passed","2026-05-29","Checkout Service - Sauce Demo","Checkout/checkout.spec.js","",""
"","807","ORDER_007 navigate to checkout step one","firefox","2026-05-29","passed","2026-05-29","Order Service - Sauce Demo","Order/order.spec.js","",""
"","712","SEARCH_011 sort Z to A","firefox","2026-05-29","passed","2026-05-29","Search Service - Sauce Demo","Search/search.spec.js","",""
"","1894","AUTH_015 logout flow","firefox","2026-05-29","passed","2026-05-29","Authentication Service - Sauce Demo","Authentication/login.spec.js","",""
"","566","ORDER_010 verify overview page","chromium","2026-05-29","passed","2026-05-29","Order Service - Sauce Demo","Order/order.spec.js","",""
"","732","SEARCH_013 sort price high to low","firefox","2026-05-29","passed","2026-05-29","Search Service - Sauce Demo","Search/search.spec.js","",""
"","1605","PROFILE_007 logout works","webkit","2026-05-29","passed","2026-05-29","User Profile Service - Sauce Demo","Profile/profile.spec.js","",""
"","795","WISHLIST_015 full wishlist flow","webkit","2026-05-29","passed","2026-05-29","Wishlist Service - Sauce Demo ()","Wishlist/wishlist.spec.js","",""
"","1920","AUTH_001 valid login","firefox","2026-05-29","passed","2026-05-29","Authentication Service - Sauce Demo","Authentication/login.spec.js","",""
"","1031","CART_006 remove multiple items","webkit","2026-05-29","passed","2026-05-29","Cart Service - Sauce Demo","Cart/cart.spec.js","",""
"","714","ORDER_002 verify products visible","firefox","2026-05-29","passed","2026-05-29","Order Service - Sauce Demo","Order/order.spec.js","",""
"","487","WISHLIST_007 remove first item from cart","chromium","2026-05-29","passed","2026-05-29","Wishlist Service - Sauce Demo ()","Wishlist/wishlist.spec.js","",""
"","5719","AUTH_009 performance glitch user login","firefox","2026-05-29","passed","2026-05-29","Authentication Service - Sauce Demo","Authentication/login.spec.js","",""
"","1045","CHECKOUT_012 verify back home button","firefox","2026-05-29","passed","2026-05-29","Checkout Service - Sauce Demo","Checkout/checkout.spec.js","",""
"","705","SEARCH_004 add single product","webkit","2026-05-29","passed","2026-05-29","Search Service - Sauce Demo","Search/search.spec.js","",""
"","954","ORDER_008 empty checkout validation","firefox","2026-05-29","passed","2026-05-29","Order Service - Sauce Demo","Order/order.spec.js","",""
"","633","AUTH_002 invalid username","webkit","2026-05-29","passed","2026-05-29","Authentication Service - Sauce Demo","Authentication/login.spec.js","",""
"","570","ORDER_014 back to home button visible","chromium","2026-05-29","passed","2026-05-29","Order Service - Sauce Demo","Order/order.spec.js","",""
"","586","PROFILE_008 URL check","webkit","2026-05-29","passed","2026-05-29","User Profile Service - Sauce Demo","Profile/profile.spec.js","",""
"","682","has title","chromium","2026-05-29","passed","2026-05-29","","example.spec.js","",""
"","438","WISHLIST_001 verify inventory page loaded","chromium","2026-05-29","passed","2026-05-29","Wishlist Service - Sauce Demo ()","Wishlist/wishlist.spec.js","",""
"","520","WISHLIST_013 multiple add/remove cycle","chromium","2026-05-29","passed","2026-05-29","Wishlist Service - Sauce Demo ()","Wishlist/wishlist.spec.js","",""
"","376","AUTH_003 invalid password","chromium","2026-05-29","passed","2026-05-29","Authentication Service - Sauce Demo","Authentication/login.spec.js","",""
"","586","CHECKOUT_007 validate postal code required","chromium","2026-05-29","passed","2026-05-29","Checkout Service - Sauce Demo","Checkout/checkout.spec.js","",""
"","689","CART_003 open cart page","webkit","2026-05-29","passed","2026-05-29","Cart Service - Sauce Demo","Cart/cart.spec.js","",""
"","456","ORDER_005 open cart page","chromium","2026-05-29","passed","2026-05-29","Order Service - Sauce Demo","Order/order.spec.js","",""
"","977","CHECKOUT_008 valid checkout step one","firefox","2026-05-29","passed","2026-05-29","Checkout Service - Sauce Demo","Checkout/checkout.spec.js","",""
"","521","AUTH_006 both fields empty","webkit","2026-05-29","passed","2026-05-29","Authentication Service - Sauce Demo","Authentication/login.spec.js","",""
"","323","AUTH_011 verify username field visible","chromium","2026-05-29","passed","2026-05-29","Authentication Service - Sauce Demo","Authentication/login.spec.js","",""
"","637","PROFILE_013 images visible","firefox","2026-05-29","passed","2026-05-29","User Profile Service - Sauce Demo","Profile/profile.spec.js","",""
"","885","ORDER_014 back to home button visible","webkit","2026-05-29","passed","2026-05-29","Order Service - Sauce Demo","Order/order.spec.js","",""
"","794","WISHLIST_014 cart navigation after add","webkit","2026-05-29","passed","2026-05-29","Wishlist Service - Sauce Demo ()","Wishlist/wishlist.spec.js","",""
"","587","AUTH_010 verify login button visible","firefox","2026-05-29","passed","2026-05-29","Authentication Service - Sauce Demo","Authentication/login.spec.js","",""
"","386","AUTH_012 verify password field visible","webkit","2026-05-29","passed","2026-05-29","Authentication Service - Sauce Demo","Authentication/login.spec.js","",""
"","1103","CART_011 verify product persists after refresh","firefox","2026-05-29","passed","2026-05-29","Cart Service - Sauce Demo","Cart/cart.spec.js","",""
"","383","AUTH_004 empty username","chromium","2026-05-29","passed","2026-05-29","Authentication Service - Sauce Demo","Authentication/login.spec.js","",""
"","594","SEARCH_002 verify product names visible","webkit","2026-05-29","passed","2026-05-29","Search Service - Sauce Demo","Search/search.spec.js","",""
"","764","CART_013 verify empty cart state","firefox","2026-05-29","passed","2026-05-29","Cart Service - Sauce Demo","Cart/cart.spec.js","",""
"","657","PROFILE_001 inventory visible","firefox","2026-05-29","passed","2026-05-29","User Profile Service - Sauce Demo","Profile/profile.spec.js","",""
"","1525","CART_015 final cart stability check","firefox","2026-05-29","passed","2026-05-29","Cart Service - Sauce Demo","Cart/cart.spec.js","",""
"","924","CHECKOUT_004 validate empty form error","firefox","2026-05-29","passed","2026-05-29","Checkout Service - Sauce Demo","Checkout/checkout.spec.js","",""
"","611","SEARCH_012 sort price low to high","webkit","2026-05-29","passed","2026-05-29","Search Service - Sauce Demo","Search/search.spec.js","",""
"","1014","AUTH_014 login after refresh","firefox","2026-05-29","passed","2026-05-29","Authentication Service - Sauce Demo","Authentication/login.spec.js","",""
"","552","ORDER_011 verify finish button","chromium","2026-05-29","passed","2026-05-29","Order Service - Sauce Demo","Order/order.spec.js","",""
"","759","WISHLIST_009 cart icon visible","firefox","2026-05-29","passed","2026-05-29","Wishlist Service - Sauce Demo ()","Wishlist/wishlist.spec.js","",""
"","630","WISHLIST_003 verify add to cart buttons visible","webkit","2026-05-29","passed","2026-05-29","Wishlist Service - Sauce Demo ()","Wishlist/wishlist.spec.js","",""
"","1862","PROFILE_007 logout works","firefox","2026-05-29","passed","2026-05-29","User Profile Service - Sauce Demo","Profile/profile.spec.js","",""
"","570","AUTH_008 problem user login","webkit","2026-05-29","passed","2026-05-29","Authentication Service - Sauce Demo","Authentication/login.spec.js","",""
"","487","CHECKOUT_001 open cart page","chromium","2026-05-29","passed","2026-05-29","Checkout Service - Sauce Demo","Checkout/checkout.spec.js","",""
"","601","SEARCH_001 verify products visible","webkit","2026-05-29","passed","2026-05-29","Search Service - Sauce Demo","Search/search.spec.js","",""
"","1065","ORDER_015 full end-to-end order flow","firefox","2026-05-29","passed","2026-05-29","Order Service - Sauce Demo","Order/order.spec.js","",""
"","609","SEARCH_011 sort Z to A","webkit","2026-05-29","passed","2026-05-29","Search Service - Sauce Demo","Search/search.spec.js","",""
"","616","AUTH_006 both fields empty","firefox","2026-05-29","passed","2026-05-29","Authentication Service - Sauce Demo","Authentication/login.spec.js","",""
"","545","CART_005 remove single item","chromium","2026-05-29","passed","2026-05-29","Cart Service - Sauce Demo","Cart/cart.spec.js","",""
"","542","CHECKOUT_014 validate form persistence","chromium","2026-05-29","passed","2026-05-29","Checkout Service - Sauce Demo","Checkout/checkout.spec.js","",""
"","784","CHECKOUT_001 open cart page","webkit","2026-05-29","passed","2026-05-29","Checkout Service - Sauce Demo","Checkout/checkout.spec.js","",""
"","474","PROFILE_015 full flow","chromium","2026-05-29","passed","2026-05-29","User Profile Service - Sauce Demo","Profile/profile.spec.js","",""
"","594","SEARCH_008 verify cart icon visible","webkit","2026-05-29","passed","2026-05-29","Search Service - Sauce Demo","Search/search.spec.js","",""
"","702","ORDER_004 add product and verify cart badge","webkit","2026-05-29","passed","2026-05-29","Order Service - Sauce Demo","Order/order.spec.js","",""
"","422","SEARCH_015 verify inventory page loaded after login","chromium","2026-05-29","passed","2026-05-29","Search Service - Sauce Demo","Search/search.spec.js","",""
"","435","SEARCH_003 verify add to cart button visible","chromium","2026-05-29","passed","2026-05-29","Search Service - Sauce Demo","Search/search.spec.js","",""
"","328","AUTH_012 verify password field visible","chromium","2026-05-29","passed","2026-05-29","Authentication Service - Sauce Demo","Authentication/login.spec.js","",""
"","762","PROFILE_005 menu opens","firefox","2026-05-29","passed","2026-05-29","User Profile Service - Sauce Demo","Profile/profile.spec.js","",""
"","531","PROFILE_011 back navigation","chromium","2026-05-29","passed","2026-05-29","User Profile Service - Sauce Demo","Profile/profile.spec.js","",""
"","766","PROFILE_008 URL check","firefox","2026-05-29","passed","2026-05-29","User Profile Service - Sauce Demo","Profile/profile.spec.js","",""
"","1033","SEARCH_007 open cart page","firefox","2026-05-29","passed","2026-05-29","Search Service - Sauce Demo","Search/search.spec.js","",""
"","949","CHECKOUT_007 validate postal code required","webkit","2026-05-29","passed","2026-05-29","Checkout Service - Sauce Demo","Checkout/checkout.spec.js","",""
"","705","CART_008 verify continue shopping button","webkit","2026-05-29","passed","2026-05-29","Cart Service - Sauce Demo","Cart/cart.spec.js","",""
"","4599","WISHLIST_015 full wishlist flow","firefox","2026-05-29","passed","2026-05-29","Wishlist Service - Sauce Demo ()","Wishlist/wishlist.spec.js","",""
"","743","CART_001 add single product","webkit","2026-05-29","passed","2026-05-29","Cart Service - Sauce Demo","Cart/cart.spec.js","",""
"","614","SEARCH_003 verify add to cart button visible","webkit","2026-05-29","passed","2026-05-29","Search Service - Sauce Demo","Search/search.spec.js","",""
"","597","PROFILE_001 inventory visible","webkit","2026-05-29","passed","2026-05-29","User Profile Service - Sauce Demo","Profile/profile.spec.js","",""
"","2866","PROFILE_006 logout visible","firefox","2026-05-29","passed","2026-05-29","User Profile Service - Sauce Demo","Profile/profile.spec.js","",""
"","397","AUTH_002 invalid username","chromium","2026-05-29","passed","2026-05-29","Authentication Service - Sauce Demo","Authentication/login.spec.js","",""
"","791","CART_001 add single product","firefox","2026-05-29","passed","2026-05-29","Cart Service - Sauce Demo","Cart/cart.spec.js","",""
"","1099","CART_006 remove multiple items","firefox","2026-05-29","passed","2026-05-29","Cart Service - Sauce Demo","Cart/cart.spec.js","",""
"","595","PROFILE_004 product count > 0","webkit","2026-05-29","passed","2026-05-29","User Profile Service - Sauce Demo","Profile/profile.spec.js","",""
"","467","WISHLIST_009 cart icon visible","chromium","2026-05-29","passed","2026-05-29","Wishlist Service - Sauce Demo ()","Wishlist/wishlist.spec.js","",""
"","786","CART_004 verify cart items visible","webkit","2026-05-29","passed","2026-05-29","Cart Service - Sauce Demo","Cart/cart.spec.js","",""
"","824","WISHLIST_006 add multiple items using loop","firefox","2026-05-29","passed","2026-05-29","Wishlist Service - Sauce Demo ()","Wishlist/wishlist.spec.js","",""
"","587","CHECKOUT_010 verify finish button visible","chromium","2026-05-29","passed","2026-05-29","Checkout Service - Sauce Demo","Checkout/checkout.spec.js","",""
"","329","AUTH_013 login page load","chromium","2026-05-29","passed","2026-05-29","Authentication Service - Sauce Demo","Authentication/login.spec.js","",""
"","907","PROFILE_011 back navigation","firefox","2026-05-29","passed","2026-05-29","User Profile Service - Sauce Demo","Profile/profile.spec.js","",""
"","449","ORDER_003 add single product to cart","chromium","2026-05-29","passed","2026-05-29","Order Service - Sauce Demo","Order/order.spec.js","",""
"","1002","CHECKOUT_011 complete checkout successfully","webkit","2026-05-29","passed","2026-05-29","Checkout Service - Sauce Demo","Checkout/checkout.spec.js","",""
"","544","CART_015 final cart stability check","chromium","2026-05-29","passed","2026-05-29","Cart Service - Sauce Demo","Cart/cart.spec.js","",""
"","794","ORDER_007 navigate to checkout step one","webkit","2026-05-29","passed","2026-05-29","Order Service - Sauce Demo","Order/order.spec.js","",""
"","759","PROFILE_015 full flow","webkit","2026-05-29","passed","2026-05-29","User Profile Service - Sauce Demo","Profile/profile.spec.js","",""
"","957","CHECKOUT_007 validate postal code required","firefox","2026-05-29","passed","2026-05-29","Checkout Service - Sauce Demo","Checkout/checkout.spec.js","",""
"","759","CART_007 verify checkout button visible","webkit","2026-05-29","passed","2026-05-29","Cart Service - Sauce Demo","Cart/cart.spec.js","",""
"","476","WISHLIST_008 open cart page","chromium","2026-05-29","passed","2026-05-29","Wishlist Service - Sauce Demo ()","Wishlist/wishlist.spec.js","",""
"","366","AUTH_005 empty password","chromium","2026-05-29","passed","2026-05-29","Authentication Service - Sauce Demo","Authentication/login.spec.js","",""
"","429","PROFILE_004 product count > 0","chromium","2026-05-29","passed","2026-05-29","User Profile Service - Sauce Demo","Profile/profile.spec.js","",""
"","779","PROFILE_015 full flow","firefox","2026-05-29","passed","2026-05-29","User Profile Service - Sauce Demo","Profile/profile.spec.js","",""
"","899","CHECKOUT_006 validate last name required","webkit","2026-05-29","passed","2026-05-29","Checkout Service - Sauce Demo","Checkout/checkout.spec.js","",""
"","674","PROFILE_014 title check","firefox","2026-05-29","passed","2026-05-29","User Profile Service - Sauce Demo","Profile/profile.spec.js","",""
"","574","CHECKOUT_008 valid checkout step one","chromium","2026-05-29","passed","2026-05-29","Checkout Service - Sauce Demo","Checkout/checkout.spec.js","",""
"","584","PROFILE_013 images visible","webkit","2026-05-29","passed","2026-05-29","User Profile Service - Sauce Demo","Profile/profile.spec.js","",""
"","3187","SEARCH_002 verify product names visible","firefox","2026-05-29","passed","2026-05-29","Search Service - Sauce Demo","Search/search.spec.js","",""
"","979","ORDER_012 complete order successfully","firefox","2026-05-29","passed","2026-05-29","Order Service - Sauce Demo","Order/order.spec.js","",""
"","772","CART_003 open cart page","firefox","2026-05-29","passed","2026-05-29","Cart Service - Sauce Demo","Cart/cart.spec.js","",""
"","723","ORDER_005 open cart page","webkit","2026-05-29","passed","2026-05-29","Order Service - Sauce Demo","Order/order.spec.js","",""
"","793","CART_002 add multiple products","webkit","2026-05-29","passed","2026-05-29","Cart Service - Sauce Demo","Cart/cart.spec.js","",""
"","629","AUTH_003 invalid password","firefox","2026-05-29","passed","2026-05-29","Authentication Service - Sauce Demo","Authentication/login.spec.js","",""
"","485","SEARCH_006 remove product from cart","chromium","2026-05-29","passed","2026-05-29","Search Service - Sauce Demo","Search/search.spec.js","",""
"","423","PROFILE_002 app logo visible","chromium","2026-05-29","passed","2026-05-29","User Profile Service - Sauce Demo","Profile/profile.spec.js","",""
"","943","SEARCH_003 verify add to cart button visible","firefox","2026-05-29","passed","2026-05-29","Search Service - Sauce Demo","Search/search.spec.js","",""
"","850","CART_012 verify remove button visible","firefox","2026-05-29","passed","2026-05-29","Cart Service - Sauce Demo","Cart/cart.spec.js","",""
"","713","ORDER_003 add single product to cart","webkit","2026-05-29","passed","2026-05-29","Order Service - Sauce Demo","Order/order.spec.js","",""
